Designator,Val,Package,Mid X,Mid Y,Rotation,Layer
"C4","120n","C_0603_1608Metric_Pad1.08x0.95mm_HandSolder",-129.390000,-87.340000,0.000000,bottom
"C5","120n","C_0603_1608Metric_Pad1.08x0.95mm_HandSolder",-135.740000,-78.450000,0.000000,bottom
"C24","120n","C_0603_1608Metric_Pad1.08x0.95mm_HandSolder",-129.390000,-68.290000,0.000000,bottom
"C25","120n","C_0603_1608Metric_Pad1.08x0.95mm_HandSolder",-135.740000,-59.400000,0.000000,bottom
"D1","D","D_SOD-123F",-159.385000,-87.340000,0.000000,bottom
"D21","D","D_SOD-123F",-159.500000,-68.300000,0.000000,bottom
"Q1","Q_NPN_BEC","SOT-23",-184.000000,-83.530000,180.000000,bottom
"Q2","Q_NPN_BEC","SOT-23",-184.000000,-91.150000,0.000000,bottom
"Q21","Q_NPN_BEC","SOT-23",-184.000000,-64.480000,180.000000,bottom
"Q22","Q_NPN_BEC","SOT-23",-184.000000,-72.100000,0.000000,bottom
"R3","0R","R_0603_1608Metric_Pad0.98x0.95mm_HandSolder",-103.355000,-83.081000,180.000000,bottom
"R4","0R","R_0603_1608Metric_Pad0.98x0.95mm_HandSolder",-103.355000,-81.557000,180.000000,bottom
"R5","100","R_0603_1608Metric_Pad0.98x0.95mm_HandSolder",-123.040000,-87.340000,0.000000,bottom
"R6","100","R_0603_1608Metric_Pad0.98x0.95mm_HandSolder",-129.390000,-78.450000,180.000000,bottom
"R7","R","R_0603_1608Metric_Pad0.98x0.95mm_HandSolder",-135.740000,-87.340000,0.000000,bottom
"R8","10k","R_0603_1608Metric_Pad0.98x0.95mm_HandSolder",-170.030000,-87.340000,180.000000,bottom
"R9","2k","R_0603_1608Metric_Pad0.98x0.95mm_HandSolder",-175.110000,-87.340000,180.000000,bottom
"R10","3.7k","R_0805_2012Metric_Pad1.20x1.40mm_HandSolder",-194.160000,-87.340000,0.000000,bottom
"R11","R","R_0603_1608Metric_Pad0.98x0.95mm_HandSolder",-114.300000,-95.504000,180.000000,bottom
"R12","0R","R_0603_1608Metric_Pad0.98x0.95mm_HandSolder",-103.355000,-89.177000,180.000000,bottom
"R13","0R","R_0603_1608Metric_Pad0.98x0.95mm_HandSolder",-103.355000,-87.653000,180.000000,bottom
"R23","0R","R_0603_1608Metric_Pad0.98x0.95mm_HandSolder",-103.355000,-67.841000,180.000000,bottom
"R24","0R","R_0603_1608Metric_Pad0.98x0.95mm_HandSolder",-103.355000,-66.317000,180.000000,bottom
"R25","100","R_0603_1608Metric_Pad0.98x0.95mm_HandSolder",-123.040000,-68.290000,0.000000,bottom
"R26","100","R_0603_1608Metric_Pad0.98x0.95mm_HandSolder",-129.390000,-59.400000,180.000000,bottom
"R27","R","R_0603_1608Metric_Pad0.98x0.95mm_HandSolder",-135.740000,-68.290000,0.000000,bottom
"R28","10k","R_0603_1608Metric_Pad0.98x0.95mm_HandSolder",-170.030000,-68.290000,180.000000,bottom
"R29","2k","R_0603_1608Metric_Pad0.98x0.95mm_HandSolder",-175.110000,-68.290000,180.000000,bottom
"R30","3.7k","R_0805_2012Metric_Pad1.20x1.40mm_HandSolder",-194.160000,-68.290000,0.000000,bottom
"R31","R","R_0603_1608Metric_Pad0.98x0.95mm_HandSolder",-117.320000,-76.731000,180.000000,bottom
"R32","0R","R_0603_1608Metric_Pad0.98x0.95mm_HandSolder",-103.355000,-73.937000,180.000000,bottom
"R33","0R","R_0603_1608Metric_Pad0.98x0.95mm_HandSolder",-103.355000,-72.413000,180.000000,bottom
"R200","R","R_0603_1608Metric_Pad0.98x0.95mm_HandSolder",-117.320000,-81.049000,180.000000,bottom
"R201","R","R_0603_1608Metric_Pad0.98x0.95mm_HandSolder",-117.320000,-65.301000,180.000000,bottom
