Designator,Val,Package,Mid X,Mid Y,Rotation,Layer
"C1","330n","C_1812_4532Metric_Pad1.57x3.40mm_HandSolder",120.500000,-78.450000,180.000000,top
"C2","330n","C_1812_4532Metric_Pad1.57x3.40mm_HandSolder",138.280000,-78.450000,180.000000,top
"C3","22u","CP_EIA-7343-31_Kemet-D_Pad2.25x2.55mm_HandSolder",184.000000,-87.340000,90.000000,top
"C21","330n","C_1812_4532Metric_Pad1.57x3.40mm_HandSolder",120.500000,-59.400000,180.000000,top
"C22","330n","C_1812_4532Metric_Pad1.57x3.40mm_HandSolder",138.280000,-59.400000,180.000000,top
"C23","22u","CP_EIA-7343-31_Kemet-D_Pad2.25x2.55mm_HandSolder",184.000000,-68.290000,90.000000,top
"C200","0.33u","CP_Elec_5x5.8",124.300000,-103.909000,90.000000,top
"C201","100n","C_0805_2012Metric_Pad1.18x1.45mm_HandSolder",129.000000,-104.900000,90.000000,top
"C202","100n","C_0805_2012Metric_Pad1.18x1.45mm_HandSolder",140.000000,-105.156000,90.000000,top
"R1","4.8k","R_1206_3216Metric_Pad1.30x1.75mm_HandSolder",129.390000,-78.450000,0.000000,top
"R2","R","R_1206_3216Metric_Pad1.30x1.75mm_HandSolder",194.160000,-79.720000,0.000000,top
"R21","4.8k","R_1206_3216Metric_Pad1.30x1.75mm_HandSolder",129.390000,-59.400000,0.000000,top
"R22","R","R_1206_3216Metric_Pad1.30x1.75mm_HandSolder",194.160000,-60.670000,0.000000,top
"U200","KA78M05_TO252","TO-252-2",135.000000,-102.000000,90.000000,top
