Comment,Designator,Footprint,LCSC
"330n","C1,C2,C21,C22","Capacitor_SMD:C_1812_4532Metric_Pad1.57x3.40mm_HandSolder","C106167"
"33u","C200","Capacitor_SMD:CP_Elec_5x5.8","C128455"
"100n","C201,C202","Capacitor_SMD:C_0805_2012Metric_Pad1.18x1.45mm_HandSolder","C85866"
"22u","C3,C23","Capacitor_Tantalum_SMD:CP_EIA-7343-31_Kemet-D_Pad2.25x2.55mm_HandSolder","C7225"
"120n","C4,C5,C24,C25","Capacitor_SMD:C_0603_1608Metric_Pad1.08x0.95mm_HandSolder","C282672"
"D","D1,D21","Diode_SMD:D_SOD-123F","C108803"
"MountingHole","H1,H2,H3,H4","MountingHole:MountingHole_3.2mm_M3_DIN965_Pad","DNP"
"RJ45_LED_Shielded_x2","J1","Token_Ring_MAU:RJ45_Amphenol_RJHSE538X-02","DNP"
"Barrel_Jack","J200","Token_Ring_MAU:BarrelJack_CUI_PJ-063AH_Horizontal","DNP"
"12V Jumper","J201","Connector_PinHeader_2.54mm:PinHeader_2x02_P2.54mm_Vertical","DNP"
"5V Jumper","J202","Connector_PinHeader_2.54mm:PinHeader_2x02_P2.54mm_Vertical","DNP"
"4PDT_relay","K1,K2","Token_Ring_MAU:4PDT_Relay","DNP"
"Q_NPN_BEC","Q1,Q2,Q21,Q22","Package_TO_SOT_SMD:SOT-23","C141788"
"4.8k","R1,R21","Resistor_SMD:R_1206_3216Metric_Pad1.30x1.75mm_HandSolder","C323071"
"3.7k","R10,R30","Resistor_SMD:R_0805_2012Metric_Pad1.20x1.40mm_HandSolder","C403190"
"4.7k","R11,R31","Resistor_SMD:R_0603_1608Metric_Pad0.98x0.95mm_HandSolder","C105428"
"R","R2,R22","Resistor_SMD:R_1206_3216Metric_Pad1.30x1.75mm_HandSolder","DNP"
"510","R200","Resistor_SMD:R_0603_1608Metric_Pad0.98x0.95mm_HandSolder","C23193"
"150","R201","Resistor_SMD:R_0603_1608Metric_Pad0.98x0.95mm_HandSolder","C227596"
"0R","R3,R4,R12,R13,R23,R24,R32,R33","Resistor_SMD:R_0603_1608Metric_Pad0.98x0.95mm_HandSolder","C21189"
"100","R5,R6,R25,R26","Resistor_SMD:R_0603_1608Metric_Pad0.98x0.95mm_HandSolder","C445624"
"R","R7,R27","Resistor_SMD:R_0603_1608Metric_Pad0.98x0.95mm_HandSolder","C150003"
"10k","R8,R28","Resistor_SMD:R_0603_1608Metric_Pad0.98x0.95mm_HandSolder","C100708"
"2k","R9,R29","Resistor_SMD:R_0603_1608Metric_Pad0.98x0.95mm_HandSolder","C217936"
"Transformer_Token_Ring_1to1_1to1","T1,T2","Token_Ring_MAU:Pulse PE-64974","DNP"
"H11A1","U1,U21","Package_DIP:DIP-6_W7.62mm","DNP"
"KA78M05_TO252","U200","Package_TO_SOT_SMD:TO-252-2","DNP"