<?xml version="1.0" encoding="UTF-8"?>
<export version="E">
  <design>
    <source>/home/blackbit/src/lang/kicad/MAUreene_8226/Token_Ring_MAU.kicad_sch</source>
    <date>Sun 04 Dec 2022 12:57:58 AM UTC</date>
    <tool>Eeschema 6.0.9+dfsg-1</tool>
    <sheet number="1" name="/" tstamps="/">
      <title_block>
        <title>MAUreene 8226 - Token Ring MAU</title>
        <company/>
        <rev>1</rev>
        <date>2022-12-03</date>
        <source>Token_Ring_MAU.kicad_sch</source>
        <comment number="1" value="https://github.com/blackbit42/MAUreene_8226"/>
        <comment number="2" value="License: CERN OHL-P-2.0"/>
        <comment number="3" value="A Token Ring (IEEE 802.5) Media Access Unit (MAU)"/>
        <comment number="4" value="Author: Alexander Huemer"/>
        <comment number="5" value=""/>
        <comment number="6" value=""/>
        <comment number="7" value=""/>
        <comment number="8" value=""/>
        <comment number="9" value=""/>
      </title_block>
    </sheet>
    <sheet number="2" name="/Token Ring MAU Lobe 1/" tstamps="/a9c1e669-057d-41d2-906c-a906c148ce27/">
      <title_block>
        <title>MAUreene 8226 - Token Ring MAU</title>
        <company>Author: Alexander Huemer</company>
        <rev>1</rev>
        <date/>
        <source>Token_Ring_MAU_Port_1.kicad_sch</source>
        <comment number="1" value="https://github.com/blackbit42/MAUreene_8226"/>
        <comment number="2" value="License: CERN OHL-P-2.0"/>
        <comment number="3" value="A Token Ring (IEEE 802.5) Media Access Unit (MAU)"/>
        <comment number="4" value="Author: Alexander Huemer"/>
        <comment number="5" value=""/>
        <comment number="6" value=""/>
        <comment number="7" value=""/>
        <comment number="8" value=""/>
        <comment number="9" value=""/>
      </title_block>
    </sheet>
    <sheet number="3" name="/Token Ring MAU Lobe 2/" tstamps="/b0edea89-a55e-4eaf-a3de-ce2754cd615f/">
      <title_block>
        <title>MAUreene 8226 - Token Ring MAU</title>
        <company>Author: Alexander Huemer</company>
        <rev>1</rev>
        <date/>
        <source>Token_Ring_MAU_Port_2.kicad_sch</source>
        <comment number="1" value="https://github.com/blackbit42/MAUreene_8226"/>
        <comment number="2" value="License: CERN OHL-P-2.0"/>
        <comment number="3" value="A Token Ring (IEEE 802.5) Media Access Unit (MAU)"/>
        <comment number="4" value="Author: Alexander Huemer"/>
        <comment number="5" value=""/>
        <comment number="6" value=""/>
        <comment number="7" value=""/>
        <comment number="8" value=""/>
        <comment number="9" value=""/>
      </title_block>
    </sheet>
  </design>
  <components>
    <comp ref="C200">
      <value>33u</value>
      <footprint>Capacitor_SMD:CP_Elec_5x5.8</footprint>
      <fields>
        <field name="JLCPCB part number">C128455</field>
        <field name="LCSC">C128455</field>
      </fields>
      <libsource lib="Device" part="C_Polarized" description="Polarized capacitor"/>
      <property name="JLCPCB part number" value="C128455"/>
      <property name="LCSC" value="C128455"/>
      <property name="Sheetname" value=""/>
      <property name="Sheetfile" value="Token_Ring_MAU.kicad_sch"/>
      <sheetpath names="/" tstamps="/"/>
      <tstamps>24245eb9-ca47-44c8-aef0-c3c799721dfb</tstamps>
    </comp>
    <comp ref="C201">
      <value>100n</value>
      <footprint>Capacitor_SMD:C_0805_2012Metric_Pad1.18x1.45mm_HandSolder</footprint>
      <fields>
        <field name="JLCPCB part number">C85866</field>
        <field name="LCSC">C85866</field>
      </fields>
      <libsource lib="Device" part="C" description="Unpolarized capacitor"/>
      <property name="JLCPCB part number" value="C85866"/>
      <property name="LCSC" value="C85866"/>
      <property name="Sheetname" value=""/>
      <property name="Sheetfile" value="Token_Ring_MAU.kicad_sch"/>
      <sheetpath names="/" tstamps="/"/>
      <tstamps>eb5e6dc8-0dbf-4532-a1b5-d636bab302c2</tstamps>
    </comp>
    <comp ref="C202">
      <value>100n</value>
      <footprint>Capacitor_SMD:C_0805_2012Metric_Pad1.18x1.45mm_HandSolder</footprint>
      <fields>
        <field name="JLCPCB part number">C85866</field>
        <field name="LCSC">C85866</field>
      </fields>
      <libsource lib="Device" part="C" description="Unpolarized capacitor"/>
      <property name="JLCPCB part number" value="C85866"/>
      <property name="LCSC" value="C85866"/>
      <property name="Sheetname" value=""/>
      <property name="Sheetfile" value="Token_Ring_MAU.kicad_sch"/>
      <sheetpath names="/" tstamps="/"/>
      <tstamps>f65c0be0-dcc8-4944-a91a-8ba24fe6a880</tstamps>
    </comp>
    <comp ref="H1">
      <value>MountingHole</value>
      <footprint>MountingHole:MountingHole_3.2mm_M3_DIN965_Pad</footprint>
      <fields>
        <field name="JLCPCB part number">DNP</field>
        <field name="LCSC">DNP</field>
      </fields>
      <libsource lib="Mechanical" part="MountingHole" description="Mounting Hole without connection"/>
      <property name="JLCPCB part number" value="DNP"/>
      <property name="LCSC" value="DNP"/>
      <property name="Sheetname" value=""/>
      <property name="Sheetfile" value="Token_Ring_MAU.kicad_sch"/>
      <sheetpath names="/" tstamps="/"/>
      <tstamps>e112d131-dec3-432d-a3a2-c0e30c26485b</tstamps>
    </comp>
    <comp ref="H2">
      <value>MountingHole</value>
      <footprint>MountingHole:MountingHole_3.2mm_M3_DIN965_Pad</footprint>
      <fields>
        <field name="JLCPCB part number">DNP</field>
        <field name="LCSC">DNP</field>
      </fields>
      <libsource lib="Mechanical" part="MountingHole" description="Mounting Hole without connection"/>
      <property name="JLCPCB part number" value="DNP"/>
      <property name="LCSC" value="DNP"/>
      <property name="Sheetname" value=""/>
      <property name="Sheetfile" value="Token_Ring_MAU.kicad_sch"/>
      <sheetpath names="/" tstamps="/"/>
      <tstamps>d2907ac1-8c67-4988-9b77-a4b93582b6b8</tstamps>
    </comp>
    <comp ref="H3">
      <value>MountingHole</value>
      <footprint>MountingHole:MountingHole_3.2mm_M3_DIN965_Pad</footprint>
      <fields>
        <field name="JLCPCB part number">DNP</field>
        <field name="LCSC">DNP</field>
      </fields>
      <libsource lib="Mechanical" part="MountingHole" description="Mounting Hole without connection"/>
      <property name="JLCPCB part number" value="DNP"/>
      <property name="LCSC" value="DNP"/>
      <property name="Sheetname" value=""/>
      <property name="Sheetfile" value="Token_Ring_MAU.kicad_sch"/>
      <sheetpath names="/" tstamps="/"/>
      <tstamps>a9fc1cba-8bd1-4e24-9be9-b1cacb3fbc6c</tstamps>
    </comp>
    <comp ref="H4">
      <value>MountingHole</value>
      <footprint>MountingHole:MountingHole_3.2mm_M3_DIN965_Pad</footprint>
      <fields>
        <field name="JLCPCB part number">DNP</field>
        <field name="LCSC">DNP</field>
      </fields>
      <libsource lib="Mechanical" part="MountingHole" description="Mounting Hole without connection"/>
      <property name="JLCPCB part number" value="DNP"/>
      <property name="LCSC" value="DNP"/>
      <property name="Sheetname" value=""/>
      <property name="Sheetfile" value="Token_Ring_MAU.kicad_sch"/>
      <sheetpath names="/" tstamps="/"/>
      <tstamps>6db819de-004b-46b2-b165-aa218d30a881</tstamps>
    </comp>
    <comp ref="J200">
      <value>Barrel_Jack</value>
      <footprint>Token_Ring_MAU:BarrelJack_CUI_PJ-063AH_Horizontal</footprint>
      <fields>
        <field name="JLCPCB part number">DNP</field>
        <field name="LCSC">DNP</field>
      </fields>
      <libsource lib="Connector" part="Barrel_Jack" description="DC Barrel Jack"/>
      <property name="JLCPCB part number" value="DNP"/>
      <property name="LCSC" value="DNP"/>
      <property name="Sheetname" value=""/>
      <property name="Sheetfile" value="Token_Ring_MAU.kicad_sch"/>
      <sheetpath names="/" tstamps="/"/>
      <tstamps>5b0b96ac-1347-4182-b855-1a8cc6da1d4e</tstamps>
    </comp>
    <comp ref="J201">
      <value>12V Jumper</value>
      <footprint>Connector_PinHeader_2.54mm:PinHeader_2x02_P2.54mm_Vertical</footprint>
      <fields>
        <field name="JLCPCB part number">DNP</field>
        <field name="LCSC">DNP</field>
      </fields>
      <libsource lib="Connector_Generic" part="Conn_02x02_Counter_Clockwise" description="Generic connector, double row, 02x02, counter clockwise pin numbering scheme (similar to DIP package numbering), script generated (kicad-library-utils/schlib/autogen/connector/)"/>
      <property name="JLCPCB part number" value="DNP"/>
      <property name="LCSC" value="DNP"/>
      <property name="Sheetname" value=""/>
      <property name="Sheetfile" value="Token_Ring_MAU.kicad_sch"/>
      <sheetpath names="/" tstamps="/"/>
      <tstamps>6350abb2-cf5c-4367-8228-ec72e7c959f0</tstamps>
    </comp>
    <comp ref="J202">
      <value>5V Jumper</value>
      <footprint>Connector_PinHeader_2.54mm:PinHeader_2x02_P2.54mm_Vertical</footprint>
      <fields>
        <field name="JLCPCB part number">DNP</field>
        <field name="LCSC">DNP</field>
      </fields>
      <libsource lib="Connector_Generic" part="Conn_02x02_Counter_Clockwise" description="Generic connector, double row, 02x02, counter clockwise pin numbering scheme (similar to DIP package numbering), script generated (kicad-library-utils/schlib/autogen/connector/)"/>
      <property name="JLCPCB part number" value="DNP"/>
      <property name="LCSC" value="DNP"/>
      <property name="Sheetname" value=""/>
      <property name="Sheetfile" value="Token_Ring_MAU.kicad_sch"/>
      <sheetpath names="/" tstamps="/"/>
      <tstamps>0936bf1a-d019-45bb-993a-ec3cefd78761</tstamps>
    </comp>
    <comp ref="U200">
      <value>KA78M05_TO252</value>
      <footprint>Package_TO_SOT_SMD:TO-252-2</footprint>
      <datasheet>https://www.onsemi.com/pub/Collateral/MC78M00-D.PDF</datasheet>
      <fields>
        <field name="JLCPCB part number">DNP</field>
        <field name="LCSC">DNP</field>
      </fields>
      <libsource lib="Regulator_Linear" part="KA78M05_TO252" description="Positive 500mA 35V Linear Regulator, Fixed Output 5V, TO-252 (D-PAK)"/>
      <property name="JLCPCB part number" value="DNP"/>
      <property name="LCSC" value="DNP"/>
      <property name="Sheetname" value=""/>
      <property name="Sheetfile" value="Token_Ring_MAU.kicad_sch"/>
      <sheetpath names="/" tstamps="/"/>
      <tstamps>15bdfea2-2be4-47d7-88c3-b16c01256d85</tstamps>
    </comp>
    <comp ref="C1">
      <value>330n</value>
      <footprint>Capacitor_SMD:C_1812_4532Metric_Pad1.57x3.40mm_HandSolder</footprint>
      <fields>
        <field name="JLCPCB part number">C106167</field>
        <field name="LCSC">C106167</field>
      </fields>
      <libsource lib="Device" part="C" description="Unpolarized capacitor"/>
      <property name="JLCPCB part number" value="C106167"/>
      <property name="LCSC" value="C106167"/>
      <property name="Sheetname" value="Token Ring MAU Lobe 1"/>
      <property name="Sheetfile" value="Token_Ring_MAU_Port_1.kicad_sch"/>
      <sheetpath names="/Token Ring MAU Lobe 1/" tstamps="/a9c1e669-057d-41d2-906c-a906c148ce27/"/>
      <tstamps>f8076b89-8f78-423a-a1c7-86644cacf2dc</tstamps>
    </comp>
    <comp ref="C2">
      <value>330n</value>
      <footprint>Capacitor_SMD:C_1812_4532Metric_Pad1.57x3.40mm_HandSolder</footprint>
      <fields>
        <field name="JLCPCB part number">C106167</field>
        <field name="LCSC">C106167</field>
      </fields>
      <libsource lib="Device" part="C" description="Unpolarized capacitor"/>
      <property name="JLCPCB part number" value="C106167"/>
      <property name="LCSC" value="C106167"/>
      <property name="Sheetname" value="Token Ring MAU Lobe 1"/>
      <property name="Sheetfile" value="Token_Ring_MAU_Port_1.kicad_sch"/>
      <sheetpath names="/Token Ring MAU Lobe 1/" tstamps="/a9c1e669-057d-41d2-906c-a906c148ce27/"/>
      <tstamps>ecea91e3-226d-489e-879f-49e00eefb40e</tstamps>
    </comp>
    <comp ref="C3">
      <value>22u</value>
      <footprint>Capacitor_Tantalum_SMD:CP_EIA-7343-31_Kemet-D_Pad2.25x2.55mm_HandSolder</footprint>
      <fields>
        <field name="JLCPCB part number">C7225</field>
        <field name="LCSC">C7225</field>
      </fields>
      <libsource lib="Device" part="C_Polarized" description="Polarized capacitor"/>
      <property name="JLCPCB part number" value="C7225"/>
      <property name="LCSC" value="C7225"/>
      <property name="Sheetname" value="Token Ring MAU Lobe 1"/>
      <property name="Sheetfile" value="Token_Ring_MAU_Port_1.kicad_sch"/>
      <sheetpath names="/Token Ring MAU Lobe 1/" tstamps="/a9c1e669-057d-41d2-906c-a906c148ce27/"/>
      <tstamps>1a218202-cb44-4975-ac06-15ab7dde429a</tstamps>
    </comp>
    <comp ref="C4">
      <value>120n</value>
      <footprint>Capacitor_SMD:C_0603_1608Metric_Pad1.08x0.95mm_HandSolder</footprint>
      <fields>
        <field name="JLCPCB part number">C282672</field>
        <field name="LCSC">C282672</field>
      </fields>
      <libsource lib="Device" part="C" description="Unpolarized capacitor"/>
      <property name="JLCPCB part number" value="C282672"/>
      <property name="LCSC" value="C282672"/>
      <property name="Sheetname" value="Token Ring MAU Lobe 1"/>
      <property name="Sheetfile" value="Token_Ring_MAU_Port_1.kicad_sch"/>
      <sheetpath names="/Token Ring MAU Lobe 1/" tstamps="/a9c1e669-057d-41d2-906c-a906c148ce27/"/>
      <tstamps>512a00ca-8794-4ee3-b681-6eec57e5ba42</tstamps>
    </comp>
    <comp ref="C5">
      <value>120n</value>
      <footprint>Capacitor_SMD:C_0603_1608Metric_Pad1.08x0.95mm_HandSolder</footprint>
      <fields>
        <field name="JLCPCB part number">C282672</field>
        <field name="LCSC">C282672</field>
      </fields>
      <libsource lib="Device" part="C" description="Unpolarized capacitor"/>
      <property name="JLCPCB part number" value="C282672"/>
      <property name="LCSC" value="C282672"/>
      <property name="Sheetname" value="Token Ring MAU Lobe 1"/>
      <property name="Sheetfile" value="Token_Ring_MAU_Port_1.kicad_sch"/>
      <sheetpath names="/Token Ring MAU Lobe 1/" tstamps="/a9c1e669-057d-41d2-906c-a906c148ce27/"/>
      <tstamps>b21de257-1f2f-4909-97a6-48b896f23927</tstamps>
    </comp>
    <comp ref="D1">
      <value>D</value>
      <footprint>Diode_SMD:D_SOD-123F</footprint>
      <fields>
        <field name="JLCPCB part number">C108803</field>
        <field name="LCSC">C108803</field>
      </fields>
      <libsource lib="Device" part="D" description="Diode"/>
      <property name="JLCPCB part number" value="C108803"/>
      <property name="LCSC" value="C108803"/>
      <property name="Sheetname" value="Token Ring MAU Lobe 1"/>
      <property name="Sheetfile" value="Token_Ring_MAU_Port_1.kicad_sch"/>
      <sheetpath names="/Token Ring MAU Lobe 1/" tstamps="/a9c1e669-057d-41d2-906c-a906c148ce27/"/>
      <tstamps>151bf897-7982-4828-a0c7-cdd4ef1dcfcf</tstamps>
    </comp>
    <comp ref="J1">
      <value>RJ45_LED_Shielded_x2</value>
      <footprint>Token_Ring_MAU:RJ45_Amphenol_RJHSE538X-02</footprint>
      <fields>
        <field name="JLCPCB part number">DNP</field>
        <field name="LCSC">DNP</field>
      </fields>
      <libsource lib="Connector" part="RJ45_LED_Shielded_x2" description="RJ connector, 8P8C (8 positions 8 connected), two LEDs, Shielded, two ports"/>
      <property name="JLCPCB part number" value="DNP"/>
      <property name="LCSC" value="DNP"/>
      <property name="Sheetname" value="Token Ring MAU Lobe 1"/>
      <property name="Sheetfile" value="Token_Ring_MAU_Port_1.kicad_sch"/>
      <sheetpath names="/Token Ring MAU Lobe 1/" tstamps="/a9c1e669-057d-41d2-906c-a906c148ce27/"/>
      <tstamps>927867c4-5be8-4b2d-a138-e88b9f9973b1</tstamps>
    </comp>
    <comp ref="K1">
      <value>4PDT_relay</value>
      <footprint>Token_Ring_MAU:4PDT_Relay</footprint>
      <fields>
        <field name="JLCPCB part number">DNP</field>
        <field name="LCSC">DNP</field>
      </fields>
      <libsource lib="Token_Ring_MAU" part="4PDT_relay" description="American Zettler, Microminiature Polarised Dual Pole Relay"/>
      <property name="JLCPCB part number" value="DNP"/>
      <property name="LCSC" value="DNP"/>
      <property name="Sheetname" value="Token Ring MAU Lobe 1"/>
      <property name="Sheetfile" value="Token_Ring_MAU_Port_1.kicad_sch"/>
      <sheetpath names="/Token Ring MAU Lobe 1/" tstamps="/a9c1e669-057d-41d2-906c-a906c148ce27/"/>
      <tstamps>c21a1381-6263-44d4-bcfa-c1367dbc00f8</tstamps>
    </comp>
    <comp ref="Q1">
      <value>Q_NPN_BEC</value>
      <footprint>Package_TO_SOT_SMD:SOT-23</footprint>
      <fields>
        <field name="JLCPCB part number">C141788</field>
        <field name="LCSC">C141788</field>
      </fields>
      <libsource lib="Device" part="Q_NPN_BEC" description="NPN transistor, base/emitter/collector"/>
      <property name="JLCPCB part number" value="C141788"/>
      <property name="LCSC" value="C141788"/>
      <property name="Sheetname" value="Token Ring MAU Lobe 1"/>
      <property name="Sheetfile" value="Token_Ring_MAU_Port_1.kicad_sch"/>
      <sheetpath names="/Token Ring MAU Lobe 1/" tstamps="/a9c1e669-057d-41d2-906c-a906c148ce27/"/>
      <tstamps>21feb254-2bfa-4749-91e0-0e9ae68dbb9e</tstamps>
    </comp>
    <comp ref="Q2">
      <value>Q_NPN_BEC</value>
      <footprint>Package_TO_SOT_SMD:SOT-23</footprint>
      <fields>
        <field name="JLCPCB part number">C141788</field>
        <field name="LCSC">C141788</field>
      </fields>
      <libsource lib="Device" part="Q_NPN_BEC" description="NPN transistor, base/emitter/collector"/>
      <property name="JLCPCB part number" value="C141788"/>
      <property name="LCSC" value="C141788"/>
      <property name="Sheetname" value="Token Ring MAU Lobe 1"/>
      <property name="Sheetfile" value="Token_Ring_MAU_Port_1.kicad_sch"/>
      <sheetpath names="/Token Ring MAU Lobe 1/" tstamps="/a9c1e669-057d-41d2-906c-a906c148ce27/"/>
      <tstamps>8f9ad749-62b4-42d4-9850-2c671c76299e</tstamps>
    </comp>
    <comp ref="R1">
      <value>4.8k</value>
      <footprint>Resistor_SMD:R_1206_3216Metric_Pad1.30x1.75mm_HandSolder</footprint>
      <fields>
        <field name="JLCPCB part number">C323071</field>
        <field name="LCSC">C323071</field>
      </fields>
      <libsource lib="Device" part="R" description="Resistor"/>
      <property name="JLCPCB part number" value="C323071"/>
      <property name="LCSC" value="C323071"/>
      <property name="Sheetname" value="Token Ring MAU Lobe 1"/>
      <property name="Sheetfile" value="Token_Ring_MAU_Port_1.kicad_sch"/>
      <sheetpath names="/Token Ring MAU Lobe 1/" tstamps="/a9c1e669-057d-41d2-906c-a906c148ce27/"/>
      <tstamps>20e65fc1-a8eb-45d9-b49c-1cf81414690e</tstamps>
    </comp>
    <comp ref="R2">
      <value>R</value>
      <footprint>Resistor_SMD:R_1206_3216Metric_Pad1.30x1.75mm_HandSolder</footprint>
      <fields>
        <field name="JLCPCB part number">DNP</field>
        <field name="LCSC">DNP</field>
      </fields>
      <libsource lib="Device" part="R" description="Resistor"/>
      <property name="JLCPCB part number" value="DNP"/>
      <property name="LCSC" value="DNP"/>
      <property name="Sheetname" value="Token Ring MAU Lobe 1"/>
      <property name="Sheetfile" value="Token_Ring_MAU_Port_1.kicad_sch"/>
      <sheetpath names="/Token Ring MAU Lobe 1/" tstamps="/a9c1e669-057d-41d2-906c-a906c148ce27/"/>
      <tstamps>8bfe99a0-99b4-4758-a888-a87a75cfcbc2</tstamps>
    </comp>
    <comp ref="R3">
      <value>0R</value>
      <footprint>Resistor_SMD:R_0603_1608Metric_Pad0.98x0.95mm_HandSolder</footprint>
      <fields>
        <field name="JLCPCB part number">C21189</field>
        <field name="LCSC">C21189</field>
      </fields>
      <libsource lib="Device" part="R" description="Resistor"/>
      <property name="JLCPCB part number" value="C21189"/>
      <property name="LCSC" value="C21189"/>
      <property name="Sheetname" value="Token Ring MAU Lobe 1"/>
      <property name="Sheetfile" value="Token_Ring_MAU_Port_1.kicad_sch"/>
      <sheetpath names="/Token Ring MAU Lobe 1/" tstamps="/a9c1e669-057d-41d2-906c-a906c148ce27/"/>
      <tstamps>042e77e2-61d3-4f4e-a8fa-f65fafcde105</tstamps>
    </comp>
    <comp ref="R4">
      <value>0R</value>
      <footprint>Resistor_SMD:R_0603_1608Metric_Pad0.98x0.95mm_HandSolder</footprint>
      <fields>
        <field name="JLCPCB part number">C21189</field>
        <field name="LCSC">C21189</field>
      </fields>
      <libsource lib="Device" part="R" description="Resistor"/>
      <property name="JLCPCB part number" value="C21189"/>
      <property name="LCSC" value="C21189"/>
      <property name="Sheetname" value="Token Ring MAU Lobe 1"/>
      <property name="Sheetfile" value="Token_Ring_MAU_Port_1.kicad_sch"/>
      <sheetpath names="/Token Ring MAU Lobe 1/" tstamps="/a9c1e669-057d-41d2-906c-a906c148ce27/"/>
      <tstamps>088e1e3f-4c39-4fb7-b465-aba57883056f</tstamps>
    </comp>
    <comp ref="R5">
      <value>100</value>
      <footprint>Resistor_SMD:R_0603_1608Metric_Pad0.98x0.95mm_HandSolder</footprint>
      <fields>
        <field name="JLCPCB part number">C445624</field>
        <field name="LCSC">C445624</field>
      </fields>
      <libsource lib="Device" part="R" description="Resistor"/>
      <property name="JLCPCB part number" value="C445624"/>
      <property name="LCSC" value="C445624"/>
      <property name="Sheetname" value="Token Ring MAU Lobe 1"/>
      <property name="Sheetfile" value="Token_Ring_MAU_Port_1.kicad_sch"/>
      <sheetpath names="/Token Ring MAU Lobe 1/" tstamps="/a9c1e669-057d-41d2-906c-a906c148ce27/"/>
      <tstamps>25d08d0e-04f2-4bf8-862a-4955f1f6eb3c</tstamps>
    </comp>
    <comp ref="R6">
      <value>100</value>
      <footprint>Resistor_SMD:R_0603_1608Metric_Pad0.98x0.95mm_HandSolder</footprint>
      <fields>
        <field name="JLCPCB part number">C445624</field>
        <field name="LCSC">C445624</field>
      </fields>
      <libsource lib="Device" part="R" description="Resistor"/>
      <property name="JLCPCB part number" value="C445624"/>
      <property name="LCSC" value="C445624"/>
      <property name="Sheetname" value="Token Ring MAU Lobe 1"/>
      <property name="Sheetfile" value="Token_Ring_MAU_Port_1.kicad_sch"/>
      <sheetpath names="/Token Ring MAU Lobe 1/" tstamps="/a9c1e669-057d-41d2-906c-a906c148ce27/"/>
      <tstamps>3f023369-bdb6-4250-8579-56da47a55326</tstamps>
    </comp>
    <comp ref="R7">
      <value>R</value>
      <footprint>Resistor_SMD:R_0603_1608Metric_Pad0.98x0.95mm_HandSolder</footprint>
      <fields>
        <field name="JLCPCB part number">C150003</field>
        <field name="LCSC">C150003</field>
      </fields>
      <libsource lib="Device" part="R" description="Resistor"/>
      <property name="JLCPCB part number" value="C150003"/>
      <property name="LCSC" value="C150003"/>
      <property name="Sheetname" value="Token Ring MAU Lobe 1"/>
      <property name="Sheetfile" value="Token_Ring_MAU_Port_1.kicad_sch"/>
      <sheetpath names="/Token Ring MAU Lobe 1/" tstamps="/a9c1e669-057d-41d2-906c-a906c148ce27/"/>
      <tstamps>fb8b83fd-7b28-4035-9d63-2faa45239fe1</tstamps>
    </comp>
    <comp ref="R8">
      <value>10k</value>
      <footprint>Resistor_SMD:R_0603_1608Metric_Pad0.98x0.95mm_HandSolder</footprint>
      <fields>
        <field name="JLCPCB part number">C100708</field>
        <field name="LCSC">C100708</field>
      </fields>
      <libsource lib="Device" part="R" description="Resistor"/>
      <property name="JLCPCB part number" value="C100708"/>
      <property name="LCSC" value="C100708"/>
      <property name="Sheetname" value="Token Ring MAU Lobe 1"/>
      <property name="Sheetfile" value="Token_Ring_MAU_Port_1.kicad_sch"/>
      <sheetpath names="/Token Ring MAU Lobe 1/" tstamps="/a9c1e669-057d-41d2-906c-a906c148ce27/"/>
      <tstamps>efad11de-9fe8-45a7-b373-76b8431e2d5e</tstamps>
    </comp>
    <comp ref="R9">
      <value>2k</value>
      <footprint>Resistor_SMD:R_0603_1608Metric_Pad0.98x0.95mm_HandSolder</footprint>
      <fields>
        <field name="JLCPCB part number">C217936</field>
        <field name="LCSC">C217936</field>
      </fields>
      <libsource lib="Device" part="R" description="Resistor"/>
      <property name="JLCPCB part number" value="C217936"/>
      <property name="LCSC" value="C217936"/>
      <property name="Sheetname" value="Token Ring MAU Lobe 1"/>
      <property name="Sheetfile" value="Token_Ring_MAU_Port_1.kicad_sch"/>
      <sheetpath names="/Token Ring MAU Lobe 1/" tstamps="/a9c1e669-057d-41d2-906c-a906c148ce27/"/>
      <tstamps>925b1c2b-9e65-4474-b3bd-4c8ba7d8333d</tstamps>
    </comp>
    <comp ref="R10">
      <value>3.7k</value>
      <footprint>Resistor_SMD:R_0805_2012Metric_Pad1.20x1.40mm_HandSolder</footprint>
      <fields>
        <field name="JLCPCB part number">C403190</field>
        <field name="LCSC">C403190</field>
      </fields>
      <libsource lib="Device" part="R" description="Resistor"/>
      <property name="JLCPCB part number" value="C403190"/>
      <property name="LCSC" value="C403190"/>
      <property name="Sheetname" value="Token Ring MAU Lobe 1"/>
      <property name="Sheetfile" value="Token_Ring_MAU_Port_1.kicad_sch"/>
      <sheetpath names="/Token Ring MAU Lobe 1/" tstamps="/a9c1e669-057d-41d2-906c-a906c148ce27/"/>
      <tstamps>79a16729-165e-4203-8918-29ed57f1e916</tstamps>
    </comp>
    <comp ref="R11">
      <value>4.7k</value>
      <footprint>Resistor_SMD:R_0603_1608Metric_Pad0.98x0.95mm_HandSolder</footprint>
      <fields>
        <field name="JLCPCB part number">C105428</field>
        <field name="LCSC">C105428</field>
      </fields>
      <libsource lib="Device" part="R" description="Resistor"/>
      <property name="JLCPCB part number" value="C105428"/>
      <property name="LCSC" value="C105428"/>
      <property name="Sheetname" value="Token Ring MAU Lobe 1"/>
      <property name="Sheetfile" value="Token_Ring_MAU_Port_1.kicad_sch"/>
      <sheetpath names="/Token Ring MAU Lobe 1/" tstamps="/a9c1e669-057d-41d2-906c-a906c148ce27/"/>
      <tstamps>e18ee009-4620-47a5-99a0-796af3c257ef</tstamps>
    </comp>
    <comp ref="R12">
      <value>0R</value>
      <footprint>Resistor_SMD:R_0603_1608Metric_Pad0.98x0.95mm_HandSolder</footprint>
      <fields>
        <field name="JLCPCB part number">C21189</field>
        <field name="LCSC">C21189</field>
      </fields>
      <libsource lib="Device" part="R" description="Resistor"/>
      <property name="JLCPCB part number" value="C21189"/>
      <property name="LCSC" value="C21189"/>
      <property name="Sheetname" value="Token Ring MAU Lobe 1"/>
      <property name="Sheetfile" value="Token_Ring_MAU_Port_1.kicad_sch"/>
      <sheetpath names="/Token Ring MAU Lobe 1/" tstamps="/a9c1e669-057d-41d2-906c-a906c148ce27/"/>
      <tstamps>b0ae2d42-278f-4633-b800-509cc4124c4b</tstamps>
    </comp>
    <comp ref="R13">
      <value>0R</value>
      <footprint>Resistor_SMD:R_0603_1608Metric_Pad0.98x0.95mm_HandSolder</footprint>
      <fields>
        <field name="JLCPCB part number">C21189</field>
        <field name="LCSC">C21189</field>
      </fields>
      <libsource lib="Device" part="R" description="Resistor"/>
      <property name="JLCPCB part number" value="C21189"/>
      <property name="LCSC" value="C21189"/>
      <property name="Sheetname" value="Token Ring MAU Lobe 1"/>
      <property name="Sheetfile" value="Token_Ring_MAU_Port_1.kicad_sch"/>
      <sheetpath names="/Token Ring MAU Lobe 1/" tstamps="/a9c1e669-057d-41d2-906c-a906c148ce27/"/>
      <tstamps>20debe26-a7ef-4a5d-a377-0cfbac41f91c</tstamps>
    </comp>
    <comp ref="R200">
      <value>510</value>
      <footprint>Resistor_SMD:R_0603_1608Metric_Pad0.98x0.95mm_HandSolder</footprint>
      <fields>
        <field name="JLCPCB part number">C23193</field>
        <field name="LCSC">C23193</field>
      </fields>
      <libsource lib="Device" part="R" description="Resistor"/>
      <property name="JLCPCB part number" value="C23193"/>
      <property name="LCSC" value="C23193"/>
      <property name="Sheetname" value="Token Ring MAU Lobe 1"/>
      <property name="Sheetfile" value="Token_Ring_MAU_Port_1.kicad_sch"/>
      <sheetpath names="/Token Ring MAU Lobe 1/" tstamps="/a9c1e669-057d-41d2-906c-a906c148ce27/"/>
      <tstamps>025c39cd-d314-4dc5-8426-340997e22643</tstamps>
    </comp>
    <comp ref="T1">
      <value>Transformer_Token_Ring_1to1_1to1</value>
      <footprint>Token_Ring_MAU:Pulse PE-64974</footprint>
      <fields>
        <field name="JLCPCB part number">DNP</field>
        <field name="LCSC">DNP</field>
      </fields>
      <libsource lib="Token_Ring_MAU" part="Transformer_Token_Ring_1to1_1to1" description="Transformer_Token_Ring_1to1_1to1"/>
      <property name="JLCPCB part number" value="DNP"/>
      <property name="LCSC" value="DNP"/>
      <property name="Sheetname" value="Token Ring MAU Lobe 1"/>
      <property name="Sheetfile" value="Token_Ring_MAU_Port_1.kicad_sch"/>
      <sheetpath names="/Token Ring MAU Lobe 1/" tstamps="/a9c1e669-057d-41d2-906c-a906c148ce27/"/>
      <tstamps>224206bb-7be7-4fcd-a1c5-b223bf3601b8</tstamps>
    </comp>
    <comp ref="U1">
      <value>H11A1</value>
      <footprint>Package_DIP:DIP-6_W7.62mm</footprint>
      <datasheet>https://www.vishay.com/docs/83730/h11a1.pdf</datasheet>
      <fields>
        <field name="JLCPCB part number">DNP</field>
        <field name="LCSC">DNP</field>
      </fields>
      <libsource lib="Token_Ring_MAU" part="H11A1" description="NPN Optocoupler, DIP-6"/>
      <property name="JLCPCB part number" value="DNP"/>
      <property name="LCSC" value="DNP"/>
      <property name="Sheetname" value="Token Ring MAU Lobe 1"/>
      <property name="Sheetfile" value="Token_Ring_MAU_Port_1.kicad_sch"/>
      <sheetpath names="/Token Ring MAU Lobe 1/" tstamps="/a9c1e669-057d-41d2-906c-a906c148ce27/"/>
      <tstamps>34676002-1348-46ee-9fb5-f03e223762ba</tstamps>
    </comp>
    <comp ref="C21">
      <value>330n</value>
      <footprint>Capacitor_SMD:C_1812_4532Metric_Pad1.57x3.40mm_HandSolder</footprint>
      <fields>
        <field name="JLCPCB part number">C106167</field>
        <field name="LCSC">C106167</field>
      </fields>
      <libsource lib="Device" part="C" description="Unpolarized capacitor"/>
      <property name="JLCPCB part number" value="C106167"/>
      <property name="LCSC" value="C106167"/>
      <property name="Sheetname" value="Token Ring MAU Lobe 2"/>
      <property name="Sheetfile" value="Token_Ring_MAU_Port_2.kicad_sch"/>
      <sheetpath names="/Token Ring MAU Lobe 2/" tstamps="/b0edea89-a55e-4eaf-a3de-ce2754cd615f/"/>
      <tstamps>d586c794-b024-48f6-8797-1a81f036990f</tstamps>
    </comp>
    <comp ref="C22">
      <value>330n</value>
      <footprint>Capacitor_SMD:C_1812_4532Metric_Pad1.57x3.40mm_HandSolder</footprint>
      <fields>
        <field name="JLCPCB part number">C106167</field>
        <field name="LCSC">C106167</field>
      </fields>
      <libsource lib="Device" part="C" description="Unpolarized capacitor"/>
      <property name="JLCPCB part number" value="C106167"/>
      <property name="LCSC" value="C106167"/>
      <property name="Sheetname" value="Token Ring MAU Lobe 2"/>
      <property name="Sheetfile" value="Token_Ring_MAU_Port_2.kicad_sch"/>
      <sheetpath names="/Token Ring MAU Lobe 2/" tstamps="/b0edea89-a55e-4eaf-a3de-ce2754cd615f/"/>
      <tstamps>eb36fbd3-adf0-4c26-9e21-db0468513a07</tstamps>
    </comp>
    <comp ref="C23">
      <value>22u</value>
      <footprint>Capacitor_Tantalum_SMD:CP_EIA-7343-31_Kemet-D_Pad2.25x2.55mm_HandSolder</footprint>
      <fields>
        <field name="JLCPCB part number">C7225</field>
        <field name="LCSC">C7225</field>
      </fields>
      <libsource lib="Device" part="C_Polarized" description="Polarized capacitor"/>
      <property name="JLCPCB part number" value="C7225"/>
      <property name="LCSC" value="C7225"/>
      <property name="Sheetname" value="Token Ring MAU Lobe 2"/>
      <property name="Sheetfile" value="Token_Ring_MAU_Port_2.kicad_sch"/>
      <sheetpath names="/Token Ring MAU Lobe 2/" tstamps="/b0edea89-a55e-4eaf-a3de-ce2754cd615f/"/>
      <tstamps>bd24d782-fdec-44de-8e53-1f2497994ded</tstamps>
    </comp>
    <comp ref="C24">
      <value>120n</value>
      <footprint>Capacitor_SMD:C_0603_1608Metric_Pad1.08x0.95mm_HandSolder</footprint>
      <fields>
        <field name="JLCPCB part number">C282672</field>
        <field name="LCSC">C282672</field>
      </fields>
      <libsource lib="Device" part="C" description="Unpolarized capacitor"/>
      <property name="JLCPCB part number" value="C282672"/>
      <property name="LCSC" value="C282672"/>
      <property name="Sheetname" value="Token Ring MAU Lobe 2"/>
      <property name="Sheetfile" value="Token_Ring_MAU_Port_2.kicad_sch"/>
      <sheetpath names="/Token Ring MAU Lobe 2/" tstamps="/b0edea89-a55e-4eaf-a3de-ce2754cd615f/"/>
      <tstamps>f488af22-2675-4045-af49-a76224ed7ddd</tstamps>
    </comp>
    <comp ref="C25">
      <value>120n</value>
      <footprint>Capacitor_SMD:C_0603_1608Metric_Pad1.08x0.95mm_HandSolder</footprint>
      <fields>
        <field name="JLCPCB part number">C282672</field>
        <field name="LCSC">C282672</field>
      </fields>
      <libsource lib="Device" part="C" description="Unpolarized capacitor"/>
      <property name="JLCPCB part number" value="C282672"/>
      <property name="LCSC" value="C282672"/>
      <property name="Sheetname" value="Token Ring MAU Lobe 2"/>
      <property name="Sheetfile" value="Token_Ring_MAU_Port_2.kicad_sch"/>
      <sheetpath names="/Token Ring MAU Lobe 2/" tstamps="/b0edea89-a55e-4eaf-a3de-ce2754cd615f/"/>
      <tstamps>a5140cda-c80e-4b69-bdf6-f10cae128a8f</tstamps>
    </comp>
    <comp ref="D21">
      <value>D</value>
      <footprint>Diode_SMD:D_SOD-123F</footprint>
      <fields>
        <field name="JLCPCB part number">C108803</field>
        <field name="LCSC">C108803</field>
      </fields>
      <libsource lib="Device" part="D" description="Diode"/>
      <property name="JLCPCB part number" value="C108803"/>
      <property name="LCSC" value="C108803"/>
      <property name="Sheetname" value="Token Ring MAU Lobe 2"/>
      <property name="Sheetfile" value="Token_Ring_MAU_Port_2.kicad_sch"/>
      <sheetpath names="/Token Ring MAU Lobe 2/" tstamps="/b0edea89-a55e-4eaf-a3de-ce2754cd615f/"/>
      <tstamps>e17cf543-52f8-46d4-b1d3-31347d74b5ef</tstamps>
    </comp>
    <comp ref="K2">
      <value>4PDT_relay</value>
      <footprint>Token_Ring_MAU:4PDT_Relay</footprint>
      <fields>
        <field name="JLCPCB part number">DNP</field>
        <field name="LCSC">DNP</field>
      </fields>
      <libsource lib="Token_Ring_MAU" part="4PDT_relay" description="American Zettler, Microminiature Polarised Dual Pole Relay"/>
      <property name="JLCPCB part number" value="DNP"/>
      <property name="LCSC" value="DNP"/>
      <property name="Sheetname" value="Token Ring MAU Lobe 2"/>
      <property name="Sheetfile" value="Token_Ring_MAU_Port_2.kicad_sch"/>
      <sheetpath names="/Token Ring MAU Lobe 2/" tstamps="/b0edea89-a55e-4eaf-a3de-ce2754cd615f/"/>
      <tstamps>0d6cb6c3-a678-49f5-96ec-a1ffaa16b56c</tstamps>
    </comp>
    <comp ref="Q21">
      <value>Q_NPN_BEC</value>
      <footprint>Package_TO_SOT_SMD:SOT-23</footprint>
      <fields>
        <field name="JLCPCB part number">C141788</field>
        <field name="LCSC">C141788</field>
      </fields>
      <libsource lib="Device" part="Q_NPN_BEC" description="NPN transistor, base/emitter/collector"/>
      <property name="JLCPCB part number" value="C141788"/>
      <property name="LCSC" value="C141788"/>
      <property name="Sheetname" value="Token Ring MAU Lobe 2"/>
      <property name="Sheetfile" value="Token_Ring_MAU_Port_2.kicad_sch"/>
      <sheetpath names="/Token Ring MAU Lobe 2/" tstamps="/b0edea89-a55e-4eaf-a3de-ce2754cd615f/"/>
      <tstamps>98e740b7-aaf0-468c-9bab-2c0520797815</tstamps>
    </comp>
    <comp ref="Q22">
      <value>Q_NPN_BEC</value>
      <footprint>Package_TO_SOT_SMD:SOT-23</footprint>
      <fields>
        <field name="JLCPCB part number">C141788</field>
        <field name="LCSC">C141788</field>
      </fields>
      <libsource lib="Device" part="Q_NPN_BEC" description="NPN transistor, base/emitter/collector"/>
      <property name="JLCPCB part number" value="C141788"/>
      <property name="LCSC" value="C141788"/>
      <property name="Sheetname" value="Token Ring MAU Lobe 2"/>
      <property name="Sheetfile" value="Token_Ring_MAU_Port_2.kicad_sch"/>
      <sheetpath names="/Token Ring MAU Lobe 2/" tstamps="/b0edea89-a55e-4eaf-a3de-ce2754cd615f/"/>
      <tstamps>761a12b9-383c-4271-a17e-72f062c91ccc</tstamps>
    </comp>
    <comp ref="R21">
      <value>4.8k</value>
      <footprint>Resistor_SMD:R_1206_3216Metric_Pad1.30x1.75mm_HandSolder</footprint>
      <fields>
        <field name="JLCPCB part number">C323071</field>
        <field name="LCSC">C323071</field>
      </fields>
      <libsource lib="Device" part="R" description="Resistor"/>
      <property name="JLCPCB part number" value="C323071"/>
      <property name="LCSC" value="C323071"/>
      <property name="Sheetname" value="Token Ring MAU Lobe 2"/>
      <property name="Sheetfile" value="Token_Ring_MAU_Port_2.kicad_sch"/>
      <sheetpath names="/Token Ring MAU Lobe 2/" tstamps="/b0edea89-a55e-4eaf-a3de-ce2754cd615f/"/>
      <tstamps>27b917aa-30bb-4e8d-89bf-6bf7c492bb43</tstamps>
    </comp>
    <comp ref="R22">
      <value>R</value>
      <footprint>Resistor_SMD:R_1206_3216Metric_Pad1.30x1.75mm_HandSolder</footprint>
      <fields>
        <field name="JLCPCB part number">DNP</field>
        <field name="LCSC">DNP</field>
      </fields>
      <libsource lib="Device" part="R" description="Resistor"/>
      <property name="JLCPCB part number" value="DNP"/>
      <property name="LCSC" value="DNP"/>
      <property name="Sheetname" value="Token Ring MAU Lobe 2"/>
      <property name="Sheetfile" value="Token_Ring_MAU_Port_2.kicad_sch"/>
      <sheetpath names="/Token Ring MAU Lobe 2/" tstamps="/b0edea89-a55e-4eaf-a3de-ce2754cd615f/"/>
      <tstamps>3e7740fe-c488-4c44-9375-364e011d4abc</tstamps>
    </comp>
    <comp ref="R23">
      <value>0R</value>
      <footprint>Resistor_SMD:R_0603_1608Metric_Pad0.98x0.95mm_HandSolder</footprint>
      <fields>
        <field name="JLCPCB part number">C21189</field>
        <field name="LCSC">C21189</field>
      </fields>
      <libsource lib="Device" part="R" description="Resistor"/>
      <property name="JLCPCB part number" value="C21189"/>
      <property name="LCSC" value="C21189"/>
      <property name="Sheetname" value="Token Ring MAU Lobe 2"/>
      <property name="Sheetfile" value="Token_Ring_MAU_Port_2.kicad_sch"/>
      <sheetpath names="/Token Ring MAU Lobe 2/" tstamps="/b0edea89-a55e-4eaf-a3de-ce2754cd615f/"/>
      <tstamps>6b4a59aa-d044-43c8-8783-3ba72480a6ac</tstamps>
    </comp>
    <comp ref="R24">
      <value>0R</value>
      <footprint>Resistor_SMD:R_0603_1608Metric_Pad0.98x0.95mm_HandSolder</footprint>
      <fields>
        <field name="JLCPCB part number">C21189</field>
        <field name="LCSC">C21189</field>
      </fields>
      <libsource lib="Device" part="R" description="Resistor"/>
      <property name="JLCPCB part number" value="C21189"/>
      <property name="LCSC" value="C21189"/>
      <property name="Sheetname" value="Token Ring MAU Lobe 2"/>
      <property name="Sheetfile" value="Token_Ring_MAU_Port_2.kicad_sch"/>
      <sheetpath names="/Token Ring MAU Lobe 2/" tstamps="/b0edea89-a55e-4eaf-a3de-ce2754cd615f/"/>
      <tstamps>621b406c-7350-4300-b04b-6cac376a96c8</tstamps>
    </comp>
    <comp ref="R25">
      <value>100</value>
      <footprint>Resistor_SMD:R_0603_1608Metric_Pad0.98x0.95mm_HandSolder</footprint>
      <fields>
        <field name="JLCPCB part number">C445624</field>
        <field name="LCSC">C445624</field>
      </fields>
      <libsource lib="Device" part="R" description="Resistor"/>
      <property name="JLCPCB part number" value="C445624"/>
      <property name="LCSC" value="C445624"/>
      <property name="Sheetname" value="Token Ring MAU Lobe 2"/>
      <property name="Sheetfile" value="Token_Ring_MAU_Port_2.kicad_sch"/>
      <sheetpath names="/Token Ring MAU Lobe 2/" tstamps="/b0edea89-a55e-4eaf-a3de-ce2754cd615f/"/>
      <tstamps>f47b8041-1248-459d-99b0-86e64518e59b</tstamps>
    </comp>
    <comp ref="R26">
      <value>100</value>
      <footprint>Resistor_SMD:R_0603_1608Metric_Pad0.98x0.95mm_HandSolder</footprint>
      <fields>
        <field name="JLCPCB part number">C445624</field>
        <field name="LCSC">C445624</field>
      </fields>
      <libsource lib="Device" part="R" description="Resistor"/>
      <property name="JLCPCB part number" value="C445624"/>
      <property name="LCSC" value="C445624"/>
      <property name="Sheetname" value="Token Ring MAU Lobe 2"/>
      <property name="Sheetfile" value="Token_Ring_MAU_Port_2.kicad_sch"/>
      <sheetpath names="/Token Ring MAU Lobe 2/" tstamps="/b0edea89-a55e-4eaf-a3de-ce2754cd615f/"/>
      <tstamps>864fbdc3-05bc-41cf-9544-cb1ba1ffa6f9</tstamps>
    </comp>
    <comp ref="R27">
      <value>R</value>
      <footprint>Resistor_SMD:R_0603_1608Metric_Pad0.98x0.95mm_HandSolder</footprint>
      <fields>
        <field name="JLCPCB part number">C150003</field>
        <field name="LCSC">C150003</field>
      </fields>
      <libsource lib="Device" part="R" description="Resistor"/>
      <property name="JLCPCB part number" value="C150003"/>
      <property name="LCSC" value="C150003"/>
      <property name="Sheetname" value="Token Ring MAU Lobe 2"/>
      <property name="Sheetfile" value="Token_Ring_MAU_Port_2.kicad_sch"/>
      <sheetpath names="/Token Ring MAU Lobe 2/" tstamps="/b0edea89-a55e-4eaf-a3de-ce2754cd615f/"/>
      <tstamps>cb648988-6cef-42c1-9556-bfed799be5e8</tstamps>
    </comp>
    <comp ref="R28">
      <value>10k</value>
      <footprint>Resistor_SMD:R_0603_1608Metric_Pad0.98x0.95mm_HandSolder</footprint>
      <fields>
        <field name="JLCPCB part number">C100708</field>
        <field name="LCSC">C100708</field>
      </fields>
      <libsource lib="Device" part="R" description="Resistor"/>
      <property name="JLCPCB part number" value="C100708"/>
      <property name="LCSC" value="C100708"/>
      <property name="Sheetname" value="Token Ring MAU Lobe 2"/>
      <property name="Sheetfile" value="Token_Ring_MAU_Port_2.kicad_sch"/>
      <sheetpath names="/Token Ring MAU Lobe 2/" tstamps="/b0edea89-a55e-4eaf-a3de-ce2754cd615f/"/>
      <tstamps>d3e8e25d-b131-49d9-b420-528c3245ef60</tstamps>
    </comp>
    <comp ref="R29">
      <value>2k</value>
      <footprint>Resistor_SMD:R_0603_1608Metric_Pad0.98x0.95mm_HandSolder</footprint>
      <fields>
        <field name="JLCPCB part number">C217936</field>
        <field name="LCSC">C217936</field>
      </fields>
      <libsource lib="Device" part="R" description="Resistor"/>
      <property name="JLCPCB part number" value="C217936"/>
      <property name="LCSC" value="C217936"/>
      <property name="Sheetname" value="Token Ring MAU Lobe 2"/>
      <property name="Sheetfile" value="Token_Ring_MAU_Port_2.kicad_sch"/>
      <sheetpath names="/Token Ring MAU Lobe 2/" tstamps="/b0edea89-a55e-4eaf-a3de-ce2754cd615f/"/>
      <tstamps>f447849b-6183-49d3-a517-ad079332e427</tstamps>
    </comp>
    <comp ref="R30">
      <value>3.7k</value>
      <footprint>Resistor_SMD:R_0805_2012Metric_Pad1.20x1.40mm_HandSolder</footprint>
      <fields>
        <field name="JLCPCB part number">C403190</field>
        <field name="LCSC">C403190</field>
      </fields>
      <libsource lib="Device" part="R" description="Resistor"/>
      <property name="JLCPCB part number" value="C403190"/>
      <property name="LCSC" value="C403190"/>
      <property name="Sheetname" value="Token Ring MAU Lobe 2"/>
      <property name="Sheetfile" value="Token_Ring_MAU_Port_2.kicad_sch"/>
      <sheetpath names="/Token Ring MAU Lobe 2/" tstamps="/b0edea89-a55e-4eaf-a3de-ce2754cd615f/"/>
      <tstamps>b736ac99-767a-4377-8771-9fee73ce4498</tstamps>
    </comp>
    <comp ref="R31">
      <value>4.7k</value>
      <footprint>Resistor_SMD:R_0603_1608Metric_Pad0.98x0.95mm_HandSolder</footprint>
      <fields>
        <field name="JLCPCB part number">C105428</field>
        <field name="LCSC">C105428</field>
      </fields>
      <libsource lib="Device" part="R" description="Resistor"/>
      <property name="JLCPCB part number" value="C105428"/>
      <property name="LCSC" value="C105428"/>
      <property name="Sheetname" value="Token Ring MAU Lobe 2"/>
      <property name="Sheetfile" value="Token_Ring_MAU_Port_2.kicad_sch"/>
      <sheetpath names="/Token Ring MAU Lobe 2/" tstamps="/b0edea89-a55e-4eaf-a3de-ce2754cd615f/"/>
      <tstamps>35eea9c5-f7e9-4733-ac2c-ecbf80c8f071</tstamps>
    </comp>
    <comp ref="R32">
      <value>0R</value>
      <footprint>Resistor_SMD:R_0603_1608Metric_Pad0.98x0.95mm_HandSolder</footprint>
      <fields>
        <field name="JLCPCB part number">C21189</field>
        <field name="LCSC">C21189</field>
      </fields>
      <libsource lib="Device" part="R" description="Resistor"/>
      <property name="JLCPCB part number" value="C21189"/>
      <property name="LCSC" value="C21189"/>
      <property name="Sheetname" value="Token Ring MAU Lobe 2"/>
      <property name="Sheetfile" value="Token_Ring_MAU_Port_2.kicad_sch"/>
      <sheetpath names="/Token Ring MAU Lobe 2/" tstamps="/b0edea89-a55e-4eaf-a3de-ce2754cd615f/"/>
      <tstamps>f3010326-76bc-4e8a-b101-060b583e3d8e</tstamps>
    </comp>
    <comp ref="R33">
      <value>0R</value>
      <footprint>Resistor_SMD:R_0603_1608Metric_Pad0.98x0.95mm_HandSolder</footprint>
      <fields>
        <field name="JLCPCB part number">C21189</field>
        <field name="LCSC">C21189</field>
      </fields>
      <libsource lib="Device" part="R" description="Resistor"/>
      <property name="JLCPCB part number" value="C21189"/>
      <property name="LCSC" value="C21189"/>
      <property name="Sheetname" value="Token Ring MAU Lobe 2"/>
      <property name="Sheetfile" value="Token_Ring_MAU_Port_2.kicad_sch"/>
      <sheetpath names="/Token Ring MAU Lobe 2/" tstamps="/b0edea89-a55e-4eaf-a3de-ce2754cd615f/"/>
      <tstamps>75eebac6-3dbb-44dd-a2e4-7ea8bcba1f1b</tstamps>
    </comp>
    <comp ref="R201">
      <value>150</value>
      <footprint>Resistor_SMD:R_0603_1608Metric_Pad0.98x0.95mm_HandSolder</footprint>
      <fields>
        <field name="JLCPCB part number">C227596</field>
        <field name="LCSC">C227596</field>
      </fields>
      <libsource lib="Device" part="R" description="Resistor"/>
      <property name="JLCPCB part number" value="C227596"/>
      <property name="LCSC" value="C227596"/>
      <property name="Sheetname" value="Token Ring MAU Lobe 2"/>
      <property name="Sheetfile" value="Token_Ring_MAU_Port_2.kicad_sch"/>
      <sheetpath names="/Token Ring MAU Lobe 2/" tstamps="/b0edea89-a55e-4eaf-a3de-ce2754cd615f/"/>
      <tstamps>768535df-4a17-406e-b978-2f8b1f9c0dd5</tstamps>
    </comp>
    <comp ref="T2">
      <value>Transformer_Token_Ring_1to1_1to1</value>
      <footprint>Token_Ring_MAU:Pulse PE-64974</footprint>
      <fields>
        <field name="JLCPCB part number">DNP</field>
        <field name="LCSC">DNP</field>
      </fields>
      <libsource lib="Token_Ring_MAU" part="Transformer_Token_Ring_1to1_1to1" description="Transformer_Token_Ring_1to1_1to1"/>
      <property name="JLCPCB part number" value="DNP"/>
      <property name="LCSC" value="DNP"/>
      <property name="Sheetname" value="Token Ring MAU Lobe 2"/>
      <property name="Sheetfile" value="Token_Ring_MAU_Port_2.kicad_sch"/>
      <sheetpath names="/Token Ring MAU Lobe 2/" tstamps="/b0edea89-a55e-4eaf-a3de-ce2754cd615f/"/>
      <tstamps>bc7d53bf-566e-41de-bf16-0d517dac5044</tstamps>
    </comp>
    <comp ref="U21">
      <value>H11A1</value>
      <footprint>Package_DIP:DIP-6_W7.62mm</footprint>
      <datasheet>https://www.vishay.com/docs/83730/h11a1.pdf</datasheet>
      <fields>
        <field name="JLCPCB part number">DNP</field>
        <field name="LCSC">DNP</field>
      </fields>
      <libsource lib="Token_Ring_MAU" part="H11A1" description="NPN Optocoupler, DIP-6"/>
      <property name="JLCPCB part number" value="DNP"/>
      <property name="LCSC" value="DNP"/>
      <property name="Sheetname" value="Token Ring MAU Lobe 2"/>
      <property name="Sheetfile" value="Token_Ring_MAU_Port_2.kicad_sch"/>
      <sheetpath names="/Token Ring MAU Lobe 2/" tstamps="/b0edea89-a55e-4eaf-a3de-ce2754cd615f/"/>
      <tstamps>9fa7fb5a-2610-4d86-ab99-0573018b20cb</tstamps>
    </comp>
  </components>
  <libparts>
    <libpart lib="Connector" part="Barrel_Jack">
      <description>DC Barrel Jack</description>
      <docs>~</docs>
      <footprints>
        <fp>BarrelJack*</fp>
      </footprints>
      <fields>
        <field name="Reference">J</field>
        <field name="Value">Barrel_Jack</field>
        <field name="Datasheet">~</field>
      </fields>
      <pins>
        <pin num="1" name="" type="passive"/>
        <pin num="2" name="" type="passive"/>
      </pins>
    </libpart>
    <libpart lib="Connector" part="RJ45_LED_Shielded_x2">
      <description>RJ connector, 8P8C (8 positions 8 connected), two LEDs, Shielded, two ports</description>
      <docs>~</docs>
      <footprints>
        <fp>8P8C*02*</fp>
        <fp>RJ45*02*</fp>
      </footprints>
      <fields>
        <field name="Reference">J</field>
        <field name="Value">RJ45_LED_Shielded_x2</field>
        <field name="Datasheet">~</field>
      </fields>
      <pins>
        <pin num="1" name="" type="passive"/>
        <pin num="2" name="" type="passive"/>
        <pin num="3" name="" type="passive"/>
        <pin num="4" name="" type="passive"/>
        <pin num="5" name="" type="passive"/>
        <pin num="6" name="" type="passive"/>
        <pin num="7" name="" type="passive"/>
        <pin num="8" name="" type="passive"/>
        <pin num="9" name="" type="passive"/>
        <pin num="10" name="" type="passive"/>
        <pin num="11" name="" type="passive"/>
        <pin num="12" name="" type="passive"/>
        <pin num="13" name="" type="passive"/>
        <pin num="14" name="" type="passive"/>
        <pin num="15" name="" type="passive"/>
        <pin num="16" name="" type="passive"/>
        <pin num="17" name="" type="passive"/>
        <pin num="18" name="" type="passive"/>
        <pin num="19" name="" type="passive"/>
        <pin num="20" name="" type="passive"/>
        <pin num="21" name="" type="passive"/>
        <pin num="22" name="" type="passive"/>
        <pin num="23" name="" type="passive"/>
        <pin num="24" name="" type="passive"/>
        <pin num="SH" name="" type="passive"/>
      </pins>
    </libpart>
    <libpart lib="Connector_Generic" part="Conn_02x02_Counter_Clockwise">
      <description>Generic connector, double row, 02x02, counter clockwise pin numbering scheme (similar to DIP package numbering), script generated (kicad-library-utils/schlib/autogen/connector/)</description>
      <docs>~</docs>
      <footprints>
        <fp>Connector*:*_2x??_*</fp>
      </footprints>
      <fields>
        <field name="Reference">J</field>
        <field name="Value">Conn_02x02_Counter_Clockwise</field>
        <field name="Datasheet">~</field>
      </fields>
      <pins>
        <pin num="1" name="Pin_1" type="passive"/>
        <pin num="2" name="Pin_2" type="passive"/>
        <pin num="3" name="Pin_3" type="passive"/>
        <pin num="4" name="Pin_4" type="passive"/>
      </pins>
    </libpart>
    <libpart lib="Device" part="C">
      <description>Unpolarized capacitor</description>
      <docs>~</docs>
      <footprints>
        <fp>C_*</fp>
      </footprints>
      <fields>
        <field name="Reference">C</field>
        <field name="Value">C</field>
        <field name="Datasheet">~</field>
      </fields>
      <pins>
        <pin num="1" name="" type="passive"/>
        <pin num="2" name="" type="passive"/>
      </pins>
    </libpart>
    <libpart lib="Device" part="C_Polarized">
      <description>Polarized capacitor</description>
      <docs>~</docs>
      <footprints>
        <fp>CP_*</fp>
      </footprints>
      <fields>
        <field name="Reference">C</field>
        <field name="Value">C_Polarized</field>
        <field name="Datasheet">~</field>
      </fields>
      <pins>
        <pin num="1" name="" type="passive"/>
        <pin num="2" name="" type="passive"/>
      </pins>
    </libpart>
    <libpart lib="Device" part="D">
      <description>Diode</description>
      <docs>~</docs>
      <footprints>
        <fp>TO-???*</fp>
        <fp>*_Diode_*</fp>
        <fp>*SingleDiode*</fp>
        <fp>D_*</fp>
      </footprints>
      <fields>
        <field name="Reference">D</field>
        <field name="Value">D</field>
        <field name="Datasheet">~</field>
      </fields>
      <pins>
        <pin num="1" name="K" type="passive"/>
        <pin num="2" name="A" type="passive"/>
      </pins>
    </libpart>
    <libpart lib="Device" part="Q_NPN_BEC">
      <description>NPN transistor, base/emitter/collector</description>
      <docs>~</docs>
      <fields>
        <field name="Reference">Q</field>
        <field name="Value">Q_NPN_BEC</field>
        <field name="Datasheet">~</field>
      </fields>
      <pins>
        <pin num="1" name="B" type="input"/>
        <pin num="2" name="E" type="passive"/>
        <pin num="3" name="C" type="passive"/>
      </pins>
    </libpart>
    <libpart lib="Device" part="R">
      <description>Resistor</description>
      <docs>~</docs>
      <footprints>
        <fp>R_*</fp>
      </footprints>
      <fields>
        <field name="Reference">R</field>
        <field name="Value">R</field>
        <field name="Datasheet">~</field>
      </fields>
      <pins>
        <pin num="1" name="" type="passive"/>
        <pin num="2" name="" type="passive"/>
      </pins>
    </libpart>
    <libpart lib="Mechanical" part="MountingHole">
      <description>Mounting Hole without connection</description>
      <docs>~</docs>
      <footprints>
        <fp>MountingHole*</fp>
      </footprints>
      <fields>
        <field name="Reference">H</field>
        <field name="Value">MountingHole</field>
        <field name="Datasheet">~</field>
      </fields>
    </libpart>
    <libpart lib="Regulator_Linear" part="KA78M05_TO252">
      <description>Positive 500mA 35V Linear Regulator, Fixed Output 5V, TO-252 (D-PAK)</description>
      <docs>https://www.onsemi.com/pub/Collateral/MC78M00-D.PDF</docs>
      <footprints>
        <fp>TO?252*</fp>
      </footprints>
      <fields>
        <field name="Reference">U</field>
        <field name="Value">KA78M05_TO252</field>
        <field name="Footprint">Package_TO_SOT_SMD:TO-252-2</field>
        <field name="Datasheet">https://www.onsemi.com/pub/Collateral/MC78M00-D.PDF</field>
      </fields>
      <pins>
        <pin num="1" name="VI" type="power_in"/>
        <pin num="2" name="GND" type="power_in"/>
        <pin num="3" name="VO" type="power_out"/>
      </pins>
    </libpart>
    <libpart lib="Token_Ring_MAU" part="4PDT_relay">
      <description>American Zettler, Microminiature Polarised Dual Pole Relay</description>
      <footprints>
        <fp>Relay*DPDT*FRT5*</fp>
      </footprints>
      <fields>
        <field name="Reference">K</field>
        <field name="Value">4PDT_relay</field>
      </fields>
      <pins>
        <pin num="1" name="" type="passive"/>
        <pin num="3" name="C4" type="passive"/>
        <pin num="4" name="C3" type="passive"/>
        <pin num="5" name="NC4" type="passive"/>
        <pin num="6" name="NC3" type="passive"/>
        <pin num="7" name="NO4" type="passive"/>
        <pin num="8" name="NO3" type="passive"/>
        <pin num="9" name="NO2" type="passive"/>
        <pin num="10" name="NO1" type="passive"/>
        <pin num="11" name="NC2" type="passive"/>
        <pin num="12" name="NC1" type="passive"/>
        <pin num="13" name="C2" type="passive"/>
        <pin num="14" name="C1" type="passive"/>
        <pin num="16" name="" type="passive"/>
      </pins>
    </libpart>
    <libpart lib="Token_Ring_MAU" part="H11A1">
      <description>NPN Optocoupler, DIP-6</description>
      <docs>https://www.vishay.com/docs/83730/h11a1.pdf</docs>
      <footprints>
        <fp>DIP*W7.62mm*</fp>
      </footprints>
      <fields>
        <field name="Reference">U</field>
        <field name="Value">H11A1</field>
        <field name="Footprint">Package_DIP:DIP-6_W7.62mm</field>
        <field name="Datasheet">https://www.vishay.com/docs/83730/h11a1.pdf</field>
      </fields>
      <pins>
        <pin num="1" name="" type="passive"/>
        <pin num="2" name="" type="passive"/>
        <pin num="3" name="NC" type="no_connect"/>
        <pin num="4" name="" type="passive"/>
        <pin num="5" name="" type="passive"/>
        <pin num="6" name="" type="passive"/>
      </pins>
    </libpart>
    <libpart lib="Token_Ring_MAU" part="Transformer_Token_Ring_1to1_1to1">
      <description>Transformer_Token_Ring_1to1_1to1</description>
      <footprints>
        <fp>Transformer*Ethernet*Bourns*PT61017PEL*</fp>
      </footprints>
      <fields>
        <field name="Reference">TR</field>
        <field name="Value">Transformer_Token_Ring_1to1_1to1</field>
      </fields>
      <pins>
        <pin num="1" name="1" type="passive"/>
        <pin num="2" name="2" type="passive"/>
        <pin num="3" name="3" type="passive"/>
        <pin num="4" name="4" type="passive"/>
        <pin num="5" name="5" type="passive"/>
        <pin num="6" name="6" type="passive"/>
        <pin num="7" name="7" type="passive"/>
        <pin num="8" name="8" type="passive"/>
        <pin num="9" name="9" type="passive"/>
        <pin num="10" name="10" type="passive"/>
        <pin num="11" name="11" type="passive"/>
        <pin num="12" name="12" type="passive"/>
        <pin num="13" name="13" type="passive"/>
        <pin num="14" name="14" type="passive"/>
        <pin num="15" name="15" type="passive"/>
        <pin num="16" name="16" type="passive"/>
      </pins>
    </libpart>
  </libparts>
  <libraries>
    <library logical="Connector">
      <uri>/usr/share/kicad/symbols//Connector.kicad_sym</uri>
    </library>
    <library logical="Connector_Generic">
      <uri>/usr/share/kicad/symbols//Connector_Generic.kicad_sym</uri>
    </library>
    <library logical="Device">
      <uri>/usr/share/kicad/symbols//Device.kicad_sym</uri>
    </library>
    <library logical="Mechanical">
      <uri>/usr/share/kicad/symbols//Mechanical.kicad_sym</uri>
    </library>
    <library logical="Regulator_Linear">
      <uri>/usr/share/kicad/symbols//Regulator_Linear.kicad_sym</uri>
    </library>
    <library logical="Token_Ring_MAU">
      <uri>/home/blackbit/src/lang/kicad/MAUreene_8226/Token_Ring_MAU.kicad_sym</uri>
    </library>
  </libraries>
  <nets>
    <net code="1" name="+5V">
      <node ref="J1" pin="24" pintype="passive"/>
      <node ref="J202" pin="3" pinfunction="Pin_3" pintype="passive"/>
      <node ref="R25" pin="1" pintype="passive"/>
      <node ref="R5" pin="1" pintype="passive"/>
      <node ref="U1" pin="5" pintype="passive"/>
      <node ref="U21" pin="5" pintype="passive"/>
    </net>
    <net code="2" name="+12V">
      <node ref="C200" pin="1" pintype="passive"/>
      <node ref="C201" pin="1" pintype="passive"/>
      <node ref="D1" pin="1" pinfunction="K" pintype="passive"/>
      <node ref="D21" pin="1" pinfunction="K" pintype="passive"/>
      <node ref="J1" pin="10" pintype="passive"/>
      <node ref="J1" pin="12" pintype="passive"/>
      <node ref="J1" pin="22" pintype="passive"/>
      <node ref="J201" pin="3" pinfunction="Pin_3" pintype="passive"/>
      <node ref="K1" pin="16" pintype="passive"/>
      <node ref="K2" pin="16" pintype="passive"/>
      <node ref="U200" pin="1" pinfunction="VI" pintype="power_in"/>
    </net>
    <net code="3" name="GND">
      <node ref="C23" pin="2" pintype="passive"/>
      <node ref="C24" pin="2" pintype="passive"/>
      <node ref="C25" pin="2" pintype="passive"/>
      <node ref="C3" pin="2" pintype="passive"/>
      <node ref="C4" pin="2" pintype="passive"/>
      <node ref="C5" pin="2" pintype="passive"/>
      <node ref="J1" pin="SH" pintype="passive"/>
      <node ref="J202" pin="4" pinfunction="Pin_4" pintype="passive"/>
      <node ref="Q1" pin="2" pinfunction="E" pintype="passive"/>
      <node ref="Q2" pin="2" pinfunction="E" pintype="passive"/>
      <node ref="Q21" pin="2" pinfunction="E" pintype="passive"/>
      <node ref="Q22" pin="2" pinfunction="E" pintype="passive"/>
      <node ref="R12" pin="2" pintype="passive"/>
      <node ref="R13" pin="2" pintype="passive"/>
      <node ref="R200" pin="1" pintype="passive"/>
      <node ref="R201" pin="1" pintype="passive"/>
      <node ref="R23" pin="2" pintype="passive"/>
      <node ref="R24" pin="2" pintype="passive"/>
      <node ref="R27" pin="1" pintype="passive"/>
      <node ref="R3" pin="2" pintype="passive"/>
      <node ref="R32" pin="2" pintype="passive"/>
      <node ref="R33" pin="2" pintype="passive"/>
      <node ref="R4" pin="2" pintype="passive"/>
      <node ref="R7" pin="1" pintype="passive"/>
    </net>
    <net code="4" name="GND1">
      <node ref="C200" pin="2" pintype="passive"/>
      <node ref="C201" pin="2" pintype="passive"/>
      <node ref="C202" pin="2" pintype="passive"/>
      <node ref="J201" pin="4" pinfunction="Pin_4" pintype="passive"/>
      <node ref="J202" pin="2" pinfunction="Pin_2" pintype="passive"/>
      <node ref="U200" pin="2" pinfunction="GND" pintype="power_in"/>
    </net>
    <net code="5" name="J1A{slash}3 &lt;--&gt; T1{slash}8">
      <node ref="J1" pin="3" pintype="passive"/>
      <node ref="T1" pin="8" pinfunction="8" pintype="passive"/>
    </net>
    <net code="6" name="J1A{slash}4 &lt;--&gt; T1{slash}4">
      <node ref="J1" pin="4" pintype="passive"/>
      <node ref="T1" pin="4" pinfunction="4" pintype="passive"/>
    </net>
    <net code="7" name="J1A{slash}5 &lt;--&gt; T1{slash}1">
      <node ref="J1" pin="5" pintype="passive"/>
      <node ref="T1" pin="1" pinfunction="1" pintype="passive"/>
    </net>
    <net code="8" name="J1A{slash}6 &lt;--&gt; T1{slash}5">
      <node ref="J1" pin="6" pintype="passive"/>
      <node ref="T1" pin="5" pinfunction="5" pintype="passive"/>
    </net>
    <net code="9" name="J1B{slash}3 &lt;--&gt; T2{slash}8">
      <node ref="J1" pin="15" pintype="passive"/>
      <node ref="T2" pin="8" pinfunction="8" pintype="passive"/>
    </net>
    <net code="10" name="J1B{slash}4 &lt;--&gt; T2{slash}4">
      <node ref="J1" pin="16" pintype="passive"/>
      <node ref="T2" pin="4" pinfunction="4" pintype="passive"/>
    </net>
    <net code="11" name="J1B{slash}5 &lt;--&gt; T2{slash}1">
      <node ref="J1" pin="17" pintype="passive"/>
      <node ref="T2" pin="1" pinfunction="1" pintype="passive"/>
    </net>
    <net code="12" name="J1B{slash}6 &lt;--&gt; T2{slash}5">
      <node ref="J1" pin="18" pintype="passive"/>
      <node ref="T2" pin="5" pinfunction="5" pintype="passive"/>
    </net>
    <net code="13" name="K1{slash}1 &lt;--&gt; Q2{slash}C &lt;--&gt; Lobe 1 LED">
      <node ref="D1" pin="2" pinfunction="A" pintype="passive"/>
      <node ref="K1" pin="1" pintype="passive"/>
      <node ref="Q2" pin="3" pinfunction="C" pintype="passive"/>
      <node ref="R11" pin="1" pintype="passive"/>
    </net>
    <net code="14" name="K2 4 &lt;--&gt; K1 6,7">
      <node ref="K1" pin="6" pinfunction="NC3" pintype="passive"/>
      <node ref="K1" pin="7" pinfunction="NO4" pintype="passive"/>
      <node ref="K2" pin="4" pinfunction="C3" pintype="passive"/>
    </net>
    <net code="15" name="K2 6,7 &lt;--&gt; K1 4">
      <node ref="K1" pin="4" pinfunction="C3" pintype="passive"/>
      <node ref="K2" pin="6" pinfunction="NC3" pintype="passive"/>
      <node ref="K2" pin="7" pinfunction="NO4" pintype="passive"/>
    </net>
    <net code="16" name="K2{slash}1 &lt;--&gt; Q22{slash}C &lt;--&gt; Lobe 2 LED">
      <node ref="D21" pin="2" pinfunction="A" pintype="passive"/>
      <node ref="K2" pin="1" pintype="passive"/>
      <node ref="Q22" pin="3" pinfunction="C" pintype="passive"/>
      <node ref="R31" pin="1" pintype="passive"/>
    </net>
    <net code="17" name="K2{slash}10,11 &lt;--&gt; K1{slash}13">
      <node ref="K1" pin="13" pinfunction="C2" pintype="passive"/>
      <node ref="K2" pin="10" pinfunction="NO1" pintype="passive"/>
      <node ref="K2" pin="11" pinfunction="NC2" pintype="passive"/>
    </net>
    <net code="18" name="K2{slash}13 &lt;--&gt; K1{slash}10,11">
      <node ref="K1" pin="10" pinfunction="NO1" pintype="passive"/>
      <node ref="K1" pin="11" pinfunction="NC2" pintype="passive"/>
      <node ref="K2" pin="13" pinfunction="C2" pintype="passive"/>
    </net>
    <net code="19" name="Net-(C1-Pad1)">
      <node ref="C1" pin="1" pintype="passive"/>
      <node ref="R1" pin="1" pintype="passive"/>
      <node ref="T1" pin="3" pinfunction="3" pintype="passive"/>
    </net>
    <net code="20" name="Net-(C2-Pad2)">
      <node ref="C2" pin="2" pintype="passive"/>
      <node ref="R1" pin="2" pintype="passive"/>
      <node ref="T1" pin="7" pinfunction="7" pintype="passive"/>
    </net>
    <net code="21" name="Net-(C3-Pad1)">
      <node ref="C3" pin="1" pintype="passive"/>
      <node ref="R2" pin="2" pintype="passive"/>
      <node ref="R7" pin="2" pintype="passive"/>
      <node ref="R8" pin="2" pintype="passive"/>
      <node ref="R9" pin="2" pintype="passive"/>
      <node ref="U1" pin="4" pintype="passive"/>
    </net>
    <net code="22" name="Net-(C21-Pad1)">
      <node ref="C21" pin="1" pintype="passive"/>
      <node ref="R21" pin="1" pintype="passive"/>
      <node ref="T2" pin="3" pinfunction="3" pintype="passive"/>
    </net>
    <net code="23" name="Net-(C22-Pad2)">
      <node ref="C22" pin="2" pintype="passive"/>
      <node ref="R21" pin="2" pintype="passive"/>
      <node ref="T2" pin="7" pinfunction="7" pintype="passive"/>
    </net>
    <net code="24" name="Net-(C23-Pad1)">
      <node ref="C23" pin="1" pintype="passive"/>
      <node ref="R22" pin="2" pintype="passive"/>
      <node ref="R27" pin="2" pintype="passive"/>
      <node ref="R28" pin="2" pintype="passive"/>
      <node ref="R29" pin="2" pintype="passive"/>
      <node ref="U21" pin="4" pintype="passive"/>
    </net>
    <net code="25" name="Net-(C202-Pad1)">
      <node ref="C202" pin="1" pintype="passive"/>
      <node ref="J202" pin="1" pinfunction="Pin_1" pintype="passive"/>
      <node ref="U200" pin="3" pinfunction="VO" pintype="power_out"/>
    </net>
    <net code="26" name="Net-(J1-Pad1)">
      <node ref="J1" pin="1" pintype="passive"/>
      <node ref="R12" pin="1" pintype="passive"/>
    </net>
    <net code="27" name="Net-(J1-Pad2)">
      <node ref="J1" pin="2" pintype="passive"/>
      <node ref="R13" pin="1" pintype="passive"/>
    </net>
    <net code="28" name="Net-(J1-Pad7)">
      <node ref="J1" pin="7" pintype="passive"/>
      <node ref="R3" pin="1" pintype="passive"/>
    </net>
    <net code="29" name="Net-(J1-Pad8)">
      <node ref="J1" pin="8" pintype="passive"/>
      <node ref="R4" pin="1" pintype="passive"/>
    </net>
    <net code="30" name="Net-(J1-Pad9)">
      <node ref="J1" pin="9" pintype="passive"/>
      <node ref="R11" pin="2" pintype="passive"/>
    </net>
    <net code="31" name="Net-(J1-Pad11)">
      <node ref="J1" pin="11" pintype="passive"/>
      <node ref="R200" pin="2" pintype="passive"/>
    </net>
    <net code="32" name="Net-(J1-Pad13)">
      <node ref="J1" pin="13" pintype="passive"/>
      <node ref="R32" pin="1" pintype="passive"/>
    </net>
    <net code="33" name="Net-(J1-Pad14)">
      <node ref="J1" pin="14" pintype="passive"/>
      <node ref="R33" pin="1" pintype="passive"/>
    </net>
    <net code="34" name="Net-(J1-Pad19)">
      <node ref="J1" pin="19" pintype="passive"/>
      <node ref="R23" pin="1" pintype="passive"/>
    </net>
    <net code="35" name="Net-(J1-Pad20)">
      <node ref="J1" pin="20" pintype="passive"/>
      <node ref="R24" pin="1" pintype="passive"/>
    </net>
    <net code="36" name="Net-(J1-Pad21)">
      <node ref="J1" pin="21" pintype="passive"/>
      <node ref="R31" pin="2" pintype="passive"/>
    </net>
    <net code="37" name="Net-(J1-Pad23)">
      <node ref="J1" pin="23" pintype="passive"/>
      <node ref="R201" pin="2" pintype="passive"/>
    </net>
    <net code="38" name="Net-(J200-Pad1)">
      <node ref="J200" pin="1" pintype="passive"/>
      <node ref="J201" pin="1" pinfunction="Pin_1" pintype="passive"/>
    </net>
    <net code="39" name="Net-(J200-Pad2)">
      <node ref="J200" pin="2" pintype="passive"/>
      <node ref="J201" pin="2" pinfunction="Pin_2" pintype="passive"/>
    </net>
    <net code="40" name="Net-(Q1-Pad1)">
      <node ref="Q1" pin="1" pinfunction="B" pintype="input"/>
      <node ref="R8" pin="1" pintype="passive"/>
    </net>
    <net code="41" name="Net-(Q1-Pad3)">
      <node ref="Q1" pin="3" pinfunction="C" pintype="passive"/>
      <node ref="R6" pin="1" pintype="passive"/>
    </net>
    <net code="42" name="Net-(Q2-Pad1)">
      <node ref="Q2" pin="1" pinfunction="B" pintype="input"/>
      <node ref="R9" pin="1" pintype="passive"/>
    </net>
    <net code="43" name="Net-(Q21-Pad1)">
      <node ref="Q21" pin="1" pinfunction="B" pintype="input"/>
      <node ref="R28" pin="1" pintype="passive"/>
    </net>
    <net code="44" name="Net-(Q21-Pad3)">
      <node ref="Q21" pin="3" pinfunction="C" pintype="passive"/>
      <node ref="R26" pin="1" pintype="passive"/>
    </net>
    <net code="45" name="Net-(Q22-Pad1)">
      <node ref="Q22" pin="1" pinfunction="B" pintype="input"/>
      <node ref="R29" pin="1" pintype="passive"/>
    </net>
    <net code="46" name="Net-(R2-Pad1)">
      <node ref="R2" pin="1" pintype="passive"/>
      <node ref="U1" pin="6" pintype="passive"/>
    </net>
    <net code="47" name="Net-(R10-Pad2)">
      <node ref="R10" pin="2" pintype="passive"/>
      <node ref="U1" pin="1" pintype="passive"/>
    </net>
    <net code="48" name="Net-(R22-Pad1)">
      <node ref="R22" pin="1" pintype="passive"/>
      <node ref="U21" pin="6" pintype="passive"/>
    </net>
    <net code="49" name="Net-(R30-Pad2)">
      <node ref="R30" pin="2" pintype="passive"/>
      <node ref="U21" pin="1" pintype="passive"/>
    </net>
    <net code="50" name="T1{slash}2 &lt;--&gt; U1{slash}2">
      <node ref="C1" pin="2" pintype="passive"/>
      <node ref="T1" pin="2" pinfunction="2" pintype="passive"/>
      <node ref="U1" pin="2" pintype="passive"/>
    </net>
    <net code="51" name="T1{slash}6 &lt;--&gt; R10">
      <node ref="C2" pin="1" pintype="passive"/>
      <node ref="R10" pin="1" pintype="passive"/>
      <node ref="T1" pin="6" pinfunction="6" pintype="passive"/>
    </net>
    <net code="52" name="T1{slash}9 &lt;--&gt; K1{slash}9,12">
      <node ref="K1" pin="12" pinfunction="NC1" pintype="passive"/>
      <node ref="K1" pin="9" pinfunction="NO2" pintype="passive"/>
      <node ref="T1" pin="9" pinfunction="9" pintype="passive"/>
    </net>
    <net code="53" name="T1{slash}10,11 &lt;--&gt; R5,C4">
      <node ref="C4" pin="1" pintype="passive"/>
      <node ref="R5" pin="2" pintype="passive"/>
      <node ref="T1" pin="10" pinfunction="10" pintype="passive"/>
      <node ref="T1" pin="11" pinfunction="11" pintype="passive"/>
    </net>
    <net code="54" name="T1{slash}12 &lt;--&gt; K1{slash}5,8">
      <node ref="K1" pin="5" pinfunction="NC4" pintype="passive"/>
      <node ref="K1" pin="8" pinfunction="NO3" pintype="passive"/>
      <node ref="T1" pin="12" pinfunction="12" pintype="passive"/>
    </net>
    <net code="55" name="T1{slash}13 &lt;--&gt; K1{slash}14">
      <node ref="K1" pin="14" pinfunction="C1" pintype="passive"/>
      <node ref="T1" pin="13" pinfunction="13" pintype="passive"/>
    </net>
    <net code="56" name="T1{slash}14,15 &lt;--&gt; R6">
      <node ref="C5" pin="1" pintype="passive"/>
      <node ref="R6" pin="2" pintype="passive"/>
      <node ref="T1" pin="14" pinfunction="14" pintype="passive"/>
      <node ref="T1" pin="15" pinfunction="15" pintype="passive"/>
    </net>
    <net code="57" name="T1{slash}16 &lt;--&gt; K1{slash}3">
      <node ref="K1" pin="3" pinfunction="C4" pintype="passive"/>
      <node ref="T1" pin="16" pinfunction="16" pintype="passive"/>
    </net>
    <net code="58" name="T2{slash}2 &lt;--&gt; U2{slash}2">
      <node ref="C21" pin="2" pintype="passive"/>
      <node ref="T2" pin="2" pinfunction="2" pintype="passive"/>
      <node ref="U21" pin="2" pintype="passive"/>
    </net>
    <net code="59" name="T2{slash}6 &lt;--&gt; R30">
      <node ref="C22" pin="1" pintype="passive"/>
      <node ref="R30" pin="1" pintype="passive"/>
      <node ref="T2" pin="6" pinfunction="6" pintype="passive"/>
    </net>
    <net code="60" name="T2{slash}9 &lt;--&gt; K2{slash}9,12">
      <node ref="K2" pin="12" pinfunction="NC1" pintype="passive"/>
      <node ref="K2" pin="9" pinfunction="NO2" pintype="passive"/>
      <node ref="T2" pin="9" pinfunction="9" pintype="passive"/>
    </net>
    <net code="61" name="T2{slash}10,11 &lt;--&gt; R25,C24">
      <node ref="C24" pin="1" pintype="passive"/>
      <node ref="R25" pin="2" pintype="passive"/>
      <node ref="T2" pin="10" pinfunction="10" pintype="passive"/>
      <node ref="T2" pin="11" pinfunction="11" pintype="passive"/>
    </net>
    <net code="62" name="T2{slash}12 &lt;--&gt; K2{slash}5,8">
      <node ref="K2" pin="5" pinfunction="NC4" pintype="passive"/>
      <node ref="K2" pin="8" pinfunction="NO3" pintype="passive"/>
      <node ref="T2" pin="12" pinfunction="12" pintype="passive"/>
    </net>
    <net code="63" name="T2{slash}13 &lt;--&gt; K2{slash}14">
      <node ref="K2" pin="14" pinfunction="C1" pintype="passive"/>
      <node ref="T2" pin="13" pinfunction="13" pintype="passive"/>
    </net>
    <net code="64" name="T2{slash}14,15 &lt;--&gt; R26">
      <node ref="C25" pin="1" pintype="passive"/>
      <node ref="R26" pin="2" pintype="passive"/>
      <node ref="T2" pin="14" pinfunction="14" pintype="passive"/>
      <node ref="T2" pin="15" pinfunction="15" pintype="passive"/>
    </net>
    <net code="65" name="T2{slash}16 &lt;--&gt; K2{slash}3">
      <node ref="K2" pin="3" pinfunction="C4" pintype="passive"/>
      <node ref="T2" pin="16" pinfunction="16" pintype="passive"/>
    </net>
    <net code="66" name="unconnected-(U1-Pad3)">
      <node ref="U1" pin="3" pinfunction="NC" pintype="no_connect"/>
    </net>
    <net code="67" name="unconnected-(U21-Pad3)">
      <node ref="U21" pin="3" pinfunction="NC" pintype="no_connect"/>
    </net>
  </nets>
</export>
